{"Fid":"c1ydYqVmTcerarA4IKpPML","Status":3,"AuthToken":"eyJhbGciOiJFUzI1NiIsInR5cCI6IkpXVCJ9.eyJhcHBJZCI6IjE6ODUwMjIwMDM3MDgxOmFuZHJvaWQ6NmNiY2I5Yjc4OGRkMjFlZTI3NWZjOCIsImV4cCI6MTc3MDMwMzMzNSwiZmlkIjoiYzF5ZFlxVm1UY2VyYXJBNElLcFBNTCIsInByb2plY3ROdW1iZXIiOjg1MDIyMDAzNzA4MX0.AB2LPV8wRgIhAK78JSBTaANuK4CUUoFbU2Nzehnik5jSz2_UqJZnvDnQAiEA1QuUh2u4xJGyADoKinN09iE7TQXlOPUZppyevo5Yu-E","RefreshToken":"3_AS3qfwKyfeNkL5gTy5ocIDURis9VrLDW4_stFNqgYJIRzWFoX-r1dylWxlGOX-5PNVFbHBHkt_B3k9GsB2YpuAwIFQKsXk04mMZHOXU0vOJtRtM","TokenCreationEpochInSecs":1769698534,"ExpiresInSecs":604800}