<?xml version='1.0' encoding='utf-8' standalone='yes' ?>
<map>
    <set name="android-installer/android fire-installations/18.0.0 fire-rc/22.1.0 kotlin/2.2.0 fire-dl/22.1.0 fire-app-check/18.0.0 fire-abt/21.1.1 fire-android/29 fire-gcs/21.0.1 device-model/sailfish device-name/sailfish fire-core/21.0.0 fire-core-ktx/21.0.0 android-platform/ android-target-sdk/35 fire-sessions/2.0.9 fire-transport/19.0.0 fire-cls/19.4.1 fire-auth/23.2.0 android-min-sdk/23 fire-perf/21.0.4 fire-analytics/22.3.0 device-brand/Google fire-fcm/24.1.0">
        <string>2026-01-29</string>
    </set>
    <long name="fire-count" value="1" />
    <string name="last-used-date">2026-01-29</string>
    <long name="fire-global" value="1769698677817" />
</map>
